,Autoridad_Portuaria,Graneles Líquidos t,Graneles Sólidos t,Mercancía General t,Mercancia General Contenedores t,Mercancías En Tránsito t,Tráfico Ro-Ro t,TEUS Contenedores,Total_pasajeros,Anios,Mes,fecha,Total_buques,Total_automoviles,Total_toneladas
0,1,623294,464559,79616,0,92330,0,0.0,4722,2022,1,2022-01-01,94,0,1259799
1,2,0,119575,104040,97163,4663,59,14934.0,11874,2022,1,2022-01-01,44,2257,325500
2,3,7512,266992,134447,35899,141,71601,2129.5,13819,2022,1,2022-01-01,3115,3566,516592
3,4,74703,189219,97892,0,3025,0,0.0,0,2022,1,2022-01-01,65,0,364839
4,5,2268541,207212,6062831,4742267,5304368,1304479,396644.0,112032,2022,1,2022-01-01,42993,17298,19889698
5,6,80953,186763,206041,157740,128193,66815,19642.75,12826,2022,1,2022-01-01,2246,1915,826505
6,7,89870,25887,824339,25202,678,821610,6832.0,224624,2022,1,2022-01-01,41658,48299,1787586
7,8,1507323,252729,3811267,3015822,2122201,809627,293935.75,78059,2022,1,2022-01-01,30533,35207,11518969
8,9,1522047,311203,645821,418899,1580,67864,40061.5,1669,2022,1,2022-01-01,2852,1901,2967414
9,10,2393757,707086,85628,56397,0,0,4635.5,6559,2022,1,2022-01-01,194,6,3242868
10,11,868253,1088570,123368,118945,1721,32068,9431.25,0,2022,1,2022-01-01,133,9,2232925
11,12,30835,856,41337,5389,0,41288,427.0,76022,2022,1,2022-01-01,2874,17098,119705
12,13,298532,525317,34455,11839,994,1760,1073.5,0,2022,1,2022-01-01,73,0,872897
13,14,82842,1251902,107930,50722,131742,0,3823.0,0,2022,1,2022-01-01,93,0,1625138
14,15,1809356,522886,94307,39604,99578,40021,5585.75,3888,2022,1,2022-01-01,2260,2883,2605752
15,16,767862,23479,1397387,1054481,1133039,344624,96280.0,187016,2022,1,2022-01-01,26016,96055,4720872
16,17,6150,167831,273393,242934,221330,33466,21642.0,21378,2022,1,2022-01-01,2098,14919,945104
17,18,0,36190,95656,40319,210,0,3230.75,0,2022,1,2022-01-01,35,5,172375
18,19,6435,6603,37294,3764,0,37294,593.5,21736,2022,1,2022-01-01,2372,4449,91390
19,20,101073,82473,13125,0,14108,4204,0.0,3003,2022,1,2022-01-01,235,983,214983
20,21,0,89235,181693,0,825,47477,0.0,0,2022,1,2022-01-01,352,19418,319230
21,22,274772,12000,569215,281622,42644,294387,35732.0,382155,2022,1,2022-01-01,23624,108390,1474640
22,23,19265,275083,223923,35486,8321,192866,3051.0,8716,2022,1,2022-01-01,5250,24518,754944
23,24,45994,181106,113882,78211,0,9763,10893.75,130,2022,1,2022-01-01,539,265,428956
24,25,1857969,955440,198401,49423,217873,42022,5292.75,54,2022,1,2022-01-01,1425,13311,3321128
25,26,450747,155921,6153562,5039609,2908309,924369,449787.0,49434,2022,1,2022-01-01,33980,54914,15632517
26,27,0,25690,325209,212308,21925,95945,18253.0,744,2022,1,2022-01-01,1241,45225,681077
27,28,23765,39328,72692,28052,50,0,3012.75,0,2022,1,2022-01-01,36,10,163887
28,1,690494,185452,67314,30,0,0,3.0,975,2022,2,2022-02-01,70,0,943290
29,2,7190,127195,134557,114149,1107,4863,17968.0,12379,2022,2,2022-02-01,270,2226,389061
30,3,13894,389279,126804,54716,0,68609,3113.25,12102,2022,2,2022-02-01,3037,3474,653302
31,4,54157,294729,126838,0,3025,0,0.0,0,2022,2,2022-02-01,64,0,478749
32,5,2455118,60047,5469893,4095095,4621260,1366370,362336.0,112973,2022,2,2022-02-01,44779,16375,18067783
33,6,62924,189202,196339,147885,142537,65788,18613.0,2899,2022,2,2022-02-01,2121,1527,804675
34,7,54226,28698,963656,28338,1929,958067,7628.0,235943,2022,2,2022-02-01,48605,49179,2034914
35,8,1375011,413006,3658040,2740901,1901341,913036,264193.5,71312,2022,2,2022-02-01,33796,52804,11001335
36,9,1168148,301484,695595,453611,967,81629,42858.5,1593,2022,2,2022-02-01,3246,7118,2701434
37,10,2124685,527456,82622,50246,0,0,4586.25,5125,2022,2,2022-02-01,170,0,2785009
38,11,681731,772888,89571,80775,1103,18018,6370.0,0,2022,2,2022-02-01,132,8,1644086
39,12,52302,1400,42613,4864,0,42288,394.0,76613,2022,2,2022-02-01,3085,16338,143467
40,13,278240,469757,44274,11627,1289,0,1049.75,0,2022,2,2022-02-01,67,0,805187
41,14,52422,1326997,110847,60857,174279,0,4012.0,0,2022,2,2022-02-01,97,0,1725402
42,15,1843815,520843,96210,48191,84559,46877,6899.25,3678,2022,2,2022-02-01,2542,2786,2640495
43,16,582404,23573,1300874,954522,893596,346551,84845.0,180281,2022,2,2022-02-01,26894,63346,4101520
44,17,7875,183677,240368,210265,192842,32693,20194.0,15877,2022,2,2022-02-01,1988,10392,867720
45,18,0,30165,83632,43546,366,0,3588.25,0,2022,2,2022-02-01,33,14,157709
46,19,2300,0,36820,3084,0,36820,492.25,17748,2022,2,2022-02-01,2349,3081,79024
47,20,128444,50377,17920,0,3430,4251,0.0,1935,2022,2,2022-02-01,244,569,204422
48,21,0,76302,189754,0,1433,49809,0.0,0,2022,2,2022-02-01,407,20465,317298
49,22,171026,50181,571269,282207,57677,295761,34841.0,412938,2022,2,2022-02-01,23827,119406,1428121
50,23,14723,367114,215988,31319,1004,178543,2718.75,8287,2022,2,2022-02-01,4949,24379,808691
51,24,27776,147966,102921,66729,0,5660,8522.75,0,2022,2,2022-02-01,342,356,351052
52,25,1627078,661501,155616,50652,51559,49146,5466.0,41,2022,2,2022-02-01,1371,15980,2595552
53,26,440104,164453,6132790,4960216,2838861,1055832,435236.0,53548,2022,2,2022-02-01,38609,62615,15592256
54,27,5404,28720,337110,211167,15785,86019,17615.0,8490,2022,2,2022-02-01,1010,42151,684205
55,28,41889,23694,61185,22646,13,0,2661.75,0,2022,2,2022-02-01,30,11,149427
56,1,570653,251749,60822,0,0,0,0.0,4693,2022,3,2022-03-01,85,0,883224
57,2,5285,56578,141443,128299,6552,167,18116.0,19439,2022,3,2022-03-01,72,2245,338324
58,3,0,289639,140978,37269,0,78533,2107.5,14858,2022,3,2022-03-01,3577,4376,546419
59,4,55976,174156,101476,0,0,0,0.0,0,2022,3,2022-03-01,70,0,331608
60,5,2202145,281912,6098232,4774279,5327571,1312126,401635.0,129325,2022,3,2022-03-01,43608,18116,19996265
61,6,194554,68996,180997,132114,251106,49001,17302.0,20502,2022,3,2022-03-01,1884,1158,876768
62,7,65978,34082,1071371,31118,450,1056140,8393.0,282339,2022,3,2022-03-01,53891,56701,2259139
63,8,1488794,527472,4474862,3461354,2828676,1034998,319486.0,102565,2022,3,2022-03-01,38778,56590,13816156
64,9,1782361,208410,754975,410177,2423,85317,38543.75,3194,2022,3,2022-03-01,3434,12584,3243663
65,10,2211468,510606,77436,49427,0,0,4061.5,11391,2022,3,2022-03-01,190,0,2848937
66,11,868966,809362,101681,91496,894,24310,7430.0,0,2022,3,2022-03-01,113,50,1896709
67,12,34661,0,44213,6042,0,43693,448.0,90695,2022,3,2022-03-01,3149,18010,128609
68,13,224436,679261,52606,17733,1979,0,1729.5,0,2022,3,2022-03-01,84,0,976015
69,14,78256,1327027,89215,36275,8096,0,2811.0,0,2022,3,2022-03-01,91,0,1538869
70,15,2292832,240107,105522,40542,329491,52260,6023.5,4687,2022,3,2022-03-01,2772,3226,3060754
71,16,720588,45566,1449721,1045216,1058954,407308,90533.0,211434,2022,3,2022-03-01,31666,58759,4727353
72,17,9724,105284,313784,282070,266464,33312,26383.25,26183,2022,3,2022-03-01,1962,13431,1010638
73,18,0,142745,110030,40486,145,0,3427.25,0,2022,3,2022-03-01,40,12,293406
74,19,4463,1502,35454,3674,0,35454,531.75,22309,2022,3,2022-03-01,2306,3840,80547
75,20,68607,53942,15290,0,6054,4138,0.0,2458,2022,3,2022-03-01,234,810,148031
76,21,0,77793,228611,0,762,47407,0.0,0,2022,3,2022-03-01,394,19870,354573
77,22,351662,41691,636716,303110,51881,352226,36498.0,472079,2022,3,2022-03-01,28288,126349,1737286
78,23,24597,234080,212091,24129,1593,160476,2128.25,13006,2022,3,2022-03-01,4403,30577,656966
79,24,39319,120938,123038,75988,0,8078,11329.75,1668,2022,3,2022-03-01,471,468,367361
80,25,1303749,304744,316767,160194,188682,58433,14058.0,65,2022,3,2022-03-01,1721,14836,2332569
81,26,457711,189878,5367218,4140074,2292459,1023560,353217.0,52221,2022,3,2022-03-01,38369,63496,13470900
82,27,510,18001,343356,216978,27464,53017,18571.0,3984,2022,3,2022-03-01,459,26076,659326
83,28,19619,20303,82173,22701,11999,0,2975.75,0,2022,3,2022-03-01,34,51,156795
84,1,716713,237798,54009,0,22678,0,0.0,25581,2022,4,2022-04-01,104,0,1031198
85,2,2100,171913,133752,121382,2655,5391,18290.75,18127,2022,4,2022-04-01,263,2762,437193
86,3,6993,278324,132134,46287,0,74497,2448.25,14380,2022,4,2022-04-01,4083,4285,538235
87,4,50614,289175,79435,0,0,0,0.0,0,2022,4,2022-04-01,67,0,419224
88,5,2263095,51429,5980159,4591574,5240065,1377732,385372.0,171150,2022,4,2022-04-01,45507,30946,19504054
89,6,166103,104873,180629,126938,213969,71647,16313.25,33240,2022,4,2022-04-01,2565,1664,864159
90,7,82619,28763,1171842,29770,1471,1159727,7911.0,540426,2022,4,2022-04-01,59716,100624,2474192
91,8,1172927,312945,4300236,3380549,2243082,904860,301119.5,234929,2022,4,2022-04-01,34396,72323,12314599
92,9,1807674,288702,619768,362463,2976,86568,31889.0,25534,2022,4,2022-04-01,3429,9432,3168151
93,10,2374449,594209,73574,51417,0,0,3720.0,17305,2022,4,2022-04-01,228,0,3093649
94,11,949118,840704,167478,153549,6377,46744,11027.0,633,2022,4,2022-04-01,143,201,2163970
95,12,84722,0,46840,5805,0,46645,470.0,103412,2022,4,2022-04-01,3086,22579,184012
96,13,433566,692953,70919,17297,2232,0,1512.75,1119,2022,4,2022-04-01,88,0,1216967
97,14,101074,1729078,120241,61182,366665,0,4484.0,2996,2022,4,2022-04-01,119,0,2378240
98,15,2225244,368346,128152,56078,186956,54890,7811.75,5917,2022,4,2022-04-01,3090,4208,3019666
99,16,638889,29912,1389806,1014841,896623,375465,99259.0,252813,2022,4,2022-04-01,28655,85581,4345536
100,17,16204,121641,498640,462763,439419,36556,41696.5,52204,2022,4,2022-04-01,2225,25701,1575223
101,18,2,39170,91190,38917,200,0,2967.0,0,2022,4,2022-04-01,39,12,169479
102,19,6203,0,37880,3227,0,37880,441.25,27121,2022,4,2022-04-01,2503,6283,85190
103,20,91589,36632,6120,0,6062,3295,0.0,3532,2022,4,2022-04-01,202,679,143698
104,21,0,62975,211731,0,1837,45736,0.0,0,2022,4,2022-04-01,372,16234,322279
105,22,250699,38338,597433,295963,49083,305300,38032.0,544700,2022,4,2022-04-01,24412,155752,1536816
106,23,12511,186755,241502,29754,3810,186585,2428.5,19948,2022,4,2022-04-01,4909,37768,660917
107,24,38701,124812,113834,79956,0,6267,10449.25,2979,2022,4,2022-04-01,428,189,363570
108,25,1706459,984534,262411,135858,583096,52787,12230.5,952,2022,4,2022-04-01,1657,14988,3725145
109,26,484313,233659,6645597,5402133,3112116,1071280,484044.0,94532,2022,4,2022-04-01,40566,67381,16949098
110,27,6625,30697,322292,215799,13661,62685,17052.0,21840,2022,4,2022-04-01,886,25765,651759
111,28,39993,24865,72982,22613,3119,0,2335.5,0,2022,4,2022-04-01,33,6,163572
112,1,666365,178256,177873,0,25180,0,0.0,17441,2022,5,2022-05-01,115,0,1047674
113,2,0,158394,139796,124759,0,15032,18794.75,12273,2022,5,2022-05-01,712,2086,437981
114,3,10360,361717,158136,45016,5591,89007,2554.5,21750,2022,5,2022-05-01,4693,5728,669827
115,4,49094,322597,81828,0,0,44,0.0,166,2022,5,2022-05-01,67,0,453563
116,5,2586727,61127,6426476,4935014,5520118,1481845,408743.0,251115,2022,5,2022-05-01,49151,51197,21011307
117,6,100103,115196,207619,156704,131487,66826,20260.75,34320,2022,5,2022-05-01,2365,2476,777935
118,7,186133,36424,1333301,36503,1279,1329055,9617.0,743787,2022,5,2022-05-01,68899,107507,2922695
119,8,1281589,505174,4678231,3625521,2417518,1086764,333401.5,303184,2022,5,2022-05-01,39847,78794,13594797
120,9,1674719,341091,841819,550299,1850,102727,51758.75,23055,2022,5,2022-05-01,4092,25359,3512505
121,10,2575616,548858,96467,59004,0,0,3886.5,24632,2022,5,2022-05-01,222,0,3279945
122,11,832116,898252,177762,161309,3464,54579,11524.0,0,2022,5,2022-05-01,158,238,2127482
123,12,67384,0,48810,6334,0,48095,485.0,111141,2022,5,2022-05-01,3345,24356,170623
124,13,249474,620889,91968,38072,937,1417,3496.5,1926,2022,5,2022-05-01,104,1,1002757
125,14,49534,1435495,103743,56297,92131,0,4342.0,1415,2022,5,2022-05-01,109,0,1737200
126,15,2183438,498990,131691,55015,297687,52047,7311.5,5575,2022,5,2022-05-01,2819,4186,3218868
127,16,798546,43816,1541633,1149117,1177944,388374,109447.0,159185,2022,5,2022-05-01,29546,92303,5099430
128,17,6716,133480,466019,425821,384793,40819,37996.25,50657,2022,5,2022-05-01,2603,8835,1457648
129,18,0,71657,119571,56411,0,0,4226.0,0,2022,5,2022-05-01,43,4,247639
130,19,4664,3304,43934,3559,0,43934,485.5,25994,2022,5,2022-05-01,3124,4863,99395
131,20,171757,82785,7200,0,6043,2855,0.0,2641,2022,5,2022-05-01,184,529,270640
132,21,0,104808,204954,0,1837,59414,0.0,0,2022,5,2022-05-01,434,24676,371013
133,22,344820,37475,648315,331151,48232,330580,42796.0,426326,2022,5,2022-05-01,26466,145491,1740573
134,23,45629,302653,263840,36130,17862,226983,3095.75,26348,2022,5,2022-05-01,6160,43819,893097
135,24,23188,161120,156002,83453,0,8427,11620.25,3607,2022,5,2022-05-01,578,289,432190
136,25,1602562,799895,293274,109539,347730,46016,11553.0,5848,2022,5,2022-05-01,1244,15570,3199016
137,26,524614,221021,7007081,5509529,2850398,1287754,482869.0,94691,2022,5,2022-05-01,49170,60498,17400397
138,27,0,29541,448715,274720,31051,69169,22727.0,13934,2022,5,2022-05-01,1071,29581,853196
139,28,13719,15780,64413,29833,32,0,3250.25,383,2022,5,2022-05-01,42,20,123777
140,1,864573,399907,72121,69,46812,0,5.0,23293,2022,6,2022-06-01,104,0,1383482
141,2,2429,119003,120598,115110,684,4688,17732.25,11960,2022,6,2022-06-01,255,2247,362512
142,3,13332,331077,163238,43512,3345,92708,2461.0,40413,2022,6,2022-06-01,4988,10103,647212
143,4,36824,392680,107001,0,0,0,0.0,0,2022,6,2022-06-01,83,0,536505
144,5,2332909,46598,5932806,4632986,5056350,1282987,389618.0,313836,2022,6,2022-06-01,44218,66054,19284636
145,6,104293,107869,188903,143464,137458,59624,19439.25,25304,2022,6,2022-06-01,2057,2360,741611
146,7,139565,41421,1348857,35173,7229,1330481,9426.0,1096762,2022,6,2022-06-01,68943,126069,2902726
147,8,1106128,328162,4213161,3148632,1975285,1082470,293941.5,401547,2022,6,2022-06-01,40465,102472,11853838
148,9,1842206,340153,829039,535858,11712,95483,49053.0,29769,2022,6,2022-06-01,3931,16407,3654451
149,10,2629092,538712,115977,68554,0,0,5375.25,14791,2022,6,2022-06-01,196,0,3352335
150,11,949995,730181,130028,118091,3789,13848,9394.0,0,2022,6,2022-06-01,139,183,1945932
151,12,57241,1400,49758,5738,0,49498,464.0,145270,2022,6,2022-06-01,3495,34078,163635
152,13,287826,737068,131101,49943,225914,2389,4112.5,513,2022,6,2022-06-01,122,2,1434241
153,14,100860,1419216,123598,59594,70740,0,4466.0,3647,2022,6,2022-06-01,127,0,1774008
154,15,1767084,363036,103351,49163,127806,39141,6891.25,6082,2022,6,2022-06-01,2419,4039,2449581
155,16,568431,20293,1484674,1077033,997669,395662,100341.0,150058,2022,6,2022-06-01,29911,82528,4543762
156,17,11065,115176,246597,190073,163625,45067,17362.5,46622,2022,6,2022-06-01,2682,12598,771603
157,18,0,86893,109484,47503,31,0,3930.0,0,2022,6,2022-06-01,49,5,243911
158,19,4690,3304,48639,3527,0,48639,509.0,53985,2022,6,2022-06-01,3316,11531,108799
159,20,100643,78253,17553,0,6070,2994,0.0,7208,2022,6,2022-06-01,213,1962,205513
160,21,0,35931,231241,0,0,59238,0.0,538,2022,6,2022-06-01,405,25561,326410
161,22,331091,29545,630490,307408,42105,339268,40308.0,417416,2022,6,2022-06-01,26759,139933,1679907
162,23,26126,179636,255877,32445,2455,207959,2645.25,29586,2022,6,2022-06-01,5617,41937,704498
163,24,29087,129850,170992,96231,0,13696,13681.25,1372,2022,6,2022-06-01,846,407,439856
164,25,1699618,1128551,216459,50489,496354,59847,6274.5,1622,2022,6,2022-06-01,1634,17430,3651318
165,26,294907,100249,6504628,5154194,2685946,1196411,454707.0,138745,2022,6,2022-06-01,45077,61311,15936335
166,27,6379,28682,371978,233957,21035,105563,18958.0,13553,2022,6,2022-06-01,1265,46770,767594
167,28,22797,49303,83306,25359,4816,0,3198.25,0,2022,6,2022-06-01,41,6,185581
168,1,896679,233737,89181,0,48280,0,0.0,15852,2022,7,2022-07-01,93,0,1267877
169,2,1,140255,141724,126740,472,5020,20043.5,26865,2022,7,2022-07-01,262,3537,414212
170,3,8004,322344,86933,19167,1921,54337,1378.0,189921,2022,7,2022-07-01,3388,42886,492706
171,4,51230,254508,74039,0,0,0,0.0,0,2022,7,2022-07-01,77,0,379777
172,5,2263960,200130,5727691,4854355,5393024,866117,415262.0,918075,2022,7,2022-07-01,32261,210522,19305277
173,6,133171,154839,206422,129036,181101,65105,20938.75,48241,2022,7,2022-07-01,2274,2554,869674
174,7,258049,43504,1338242,36703,1627,1334885,9710.0,1369979,2022,7,2022-07-01,69263,169559,3013010
175,8,1468339,249318,4479676,3456513,2373162,1061955,311800.0,621730,2022,7,2022-07-01,40444,120921,13088963
176,9,2009171,334906,820645,495123,32366,99745,47535.0,25537,2022,7,2022-07-01,3890,8331,3791956
177,10,2619799,411892,83053,63234,0,0,5617.25,12700,2022,7,2022-07-01,180,0,3177978
178,11,819036,833116,157428,145556,3106,46344,11390.0,0,2022,7,2022-07-01,156,89,2004586
179,12,52834,0,52968,5225,0,52708,424.0,299419,2022,7,2022-07-01,3846,71496,163735
180,13,280141,650176,101724,44661,65387,4181,3990.0,318,2022,7,2022-07-01,127,2,1146270
181,14,28343,1180870,101427,55519,11711,0,4194.0,0,2022,7,2022-07-01,100,0,1377870
182,15,2153045,523940,101662,48433,197052,51993,6494.0,9498,2022,7,2022-07-01,2671,5646,3076125
183,16,620942,33073,1534283,1126406,1062212,408766,102573.0,204516,2022,7,2022-07-01,30064,107115,4785682
184,17,9282,85770,321552,281455,263290,41995,29900.0,102979,2022,7,2022-07-01,2681,21693,1003344
185,18,0,49014,87903,38838,26,0,3235.25,0,2022,7,2022-07-01,36,6,175781
186,19,8109,2098,42430,2734,0,42430,356.0,146914,2022,7,2022-07-01,2924,32631,97801
187,20,88721,53652,5325,0,3052,2645,0.0,40390,2022,7,2022-07-01,217,9461,153395
188,21,0,43538,200490,0,0,52769,0.0,0,2022,7,2022-07-01,351,23247,296797
189,22,241795,43685,635262,323033,53305,331437,42849.0,555001,2022,7,2022-07-01,26510,188002,1628517
190,23,14100,261686,270594,32186,10652,213296,2480.25,28995,2022,7,2022-07-01,5346,43887,802514
191,24,59606,155788,147519,91996,0,14066,12826.25,1355,2022,7,2022-07-01,918,559,468975
192,25,1530115,570728,227158,41100,151686,42419,5536.75,12142,2022,7,2022-07-01,1307,12722,2563206
193,26,547307,243781,6219636,4845331,2483099,1233090,457604.0,182470,2022,7,2022-07-01,46132,79505,15572244
194,27,0,34330,334532,212524,13436,86533,17248.0,3523,2022,7,2022-07-01,1105,41297,681355
195,28,52130,38802,65544,25396,2139,0,2770.5,0,2022,7,2022-07-01,38,41,184011
196,1,652454,715089,70914,0,261197,0,0.0,22314,2022,8,2022-08-01,101,0,1699654
197,2,0,202886,116970,102212,1304,9626,16202.0,33509,2022,8,2022-08-01,469,2777,432998
198,3,3006,521855,115530,16237,192,63780,1231.0,232504,2022,8,2022-08-01,3977,52333,720600
199,4,75086,147827,59232,0,0,0,0.0,0,2022,8,2022-08-01,53,0,282145
200,5,2682846,151921,5776590,4940772,5579341,830771,418027.0,1069977,2022,8,2022-08-01,30655,240482,19962241
201,6,185382,180248,169181,123200,201202,64339,17974.0,41044,2022,8,2022-08-01,2213,2463,923552
202,7,141911,30518,1240334,34917,878,1237058,9142.0,1646383,2022,8,2022-08-01,64334,217820,2685616
203,8,1004330,378600,4426726,3583087,2322164,889488,335260.0,724147,2022,8,2022-08-01,34466,158746,12604395
204,9,1507205,344786,703376,432506,15830,90416,39895.5,35780,2022,8,2022-08-01,3684,9785,3094119
205,10,2261952,547564,94109,60246,121240,0,5768.75,6440,2022,8,2022-08-01,164,0,3085111
206,11,897667,924684,137254,125935,3344,25091,10852.5,0,2022,8,2022-08-01,136,39,2113975
207,12,72838,800,51325,5764,0,51325,466.0,340986,2022,8,2022-08-01,3705,80655,182052
208,13,268618,544330,100647,42725,143308,4884,3630.0,1108,2022,8,2022-08-01,133,1,1104512
209,14,78033,1581070,81648,43649,311208,0,3642.0,5212,2022,8,2022-08-01,107,0,2095608
210,15,2297474,350387,110313,51470,235408,53366,7247.25,8521,2022,8,2022-08-01,2531,5245,3098418
211,16,810943,29425,1480964,1054566,1095143,425642,97106.0,251886,2022,8,2022-08-01,31345,112602,4896683
212,17,6657,32355,121738,85323,57394,39833,13144.0,95537,2022,8,2022-08-01,2607,17401,343300
213,18,0,173431,64740,52542,8,0,5043.0,0,2022,8,2022-08-01,39,2,290721
214,19,4889,0,47132,3142,0,47132,439.0,153599,2022,8,2022-08-01,3195,33916,102295
215,20,134286,38921,17514,0,6549,2496,0.0,44673,2022,8,2022-08-01,201,10207,199766
216,21,0,56195,153752,0,768,28503,0.0,110,2022,8,2022-08-01,304,10543,239218
217,22,323612,14078,654187,309540,57693,356863,39945.0,634250,2022,8,2022-08-01,27912,210795,1715973
218,23,31046,255851,189506,20820,14104,159108,1738.75,42250,2022,8,2022-08-01,3988,33061,670435
219,24,36968,90297,123540,83222,0,12329,12337.25,785,2022,8,2022-08-01,719,319,346356
220,25,1520509,466382,159104,40895,125517,42390,5459.25,6342,2022,8,2022-08-01,1404,11831,2354797
221,26,637961,237271,5970493,4868171,2482258,1002368,452793.0,233425,2022,8,2022-08-01,37872,75046,15198522
222,27,0,26957,283322,212635,16049,46438,18451.0,18751,2022,8,2022-08-01,328,25694,585401
223,28,17633,57543,48982,22495,2083,0,2770.5,0,2022,8,2022-08-01,32,21,148736
224,1,635859,729350,89717,0,387028,0,0.0,36524,2022,9,2022-09-01,131,0,1841954
225,2,2002,139028,123325,108274,110,4848,17400.25,27524,2022,9,2022-09-01,265,3313,377587
226,3,9822,189290,103144,14888,124,50227,1178.5,77931,2022,9,2022-09-01,3033,18320,367495
227,4,48276,159050,60271,0,0,1,0.0,0,2022,9,2022-09-01,54,0,267598
228,5,1795480,192043,5888177,4827024,5171824,1056973,407662.0,443422,2022,9,2022-09-01,35072,97835,18931521
229,6,141489,148727,163513,114555,145332,66519,16102.25,47682,2022,9,2022-09-01,2326,2002,780135
230,7,154086,23745,1166806,30645,1078,1152237,8081.0,1102425,2022,9,2022-09-01,59628,133743,2528597
231,8,875928,296376,4027726,3003370,1677474,1065206,288514.5,482351,2022,9,2022-09-01,35715,107030,10946080
232,9,1582782,316903,658228,407663,7771,88139,37875.75,30552,2022,9,2022-09-01,3594,24238,3061486
233,10,2019662,725420,100671,51672,506,0,5238.75,18543,2022,9,2022-09-01,173,0,2897931
234,11,744873,735620,100255,95902,1040,19904,7601.0,0,2022,9,2022-09-01,123,47,1697594
235,12,30677,0,58665,5519,0,58398,434.0,177329,2022,9,2022-09-01,4019,43266,153259
236,13,355382,531274,87613,36699,72707,3612,2899.5,5850,2022,9,2022-09-01,114,1,1087287
237,14,48793,1404435,89887,50068,341870,0,3534.0,1914,2022,9,2022-09-01,113,0,1935053
238,15,1936075,432016,95407,43876,138771,39154,6606.5,7275,2022,9,2022-09-01,2359,4298,2685299
239,16,557997,31311,1529344,1111085,1026307,402622,95895.0,185128,2022,9,2022-09-01,29794,114713,4658666
240,17,9629,134332,188765,153008,125454,39400,13613.0,61303,2022,9,2022-09-01,2404,10421,650588
241,18,0,76590,69231,46436,112,0,4351.5,0,2022,9,2022-09-01,33,0,192369
242,19,6732,6608,38263,3704,0,38263,492.0,64703,2022,9,2022-09-01,2589,13858,93570
243,20,133804,37570,5110,0,3007,2263,0.0,14566,2022,9,2022-09-01,189,3009,181754
244,21,0,110335,187549,0,0,55123,0.0,299,2022,9,2022-09-01,357,21757,353007
245,22,349990,48734,646181,323126,49577,343852,41396.0,457509,2022,9,2022-09-01,27054,157369,1761460
246,23,7000,326027,222111,25736,2014,185488,2200.75,34476,2022,9,2022-09-01,4708,52438,768376
247,24,10496,158635,147992,85090,0,13920,11694.25,2932,2022,9,2022-09-01,846,342,416133
248,25,1351235,733884,137791,31387,111804,31068,4476.75,13931,2022,9,2022-09-01,870,11873,2397169
249,26,500040,152325,5513357,4330601,2434195,1078298,403843.0,164410,2022,9,2022-09-01,40333,63767,14008816
250,27,701,16065,341153,198898,32628,94138,16716.0,32061,2022,9,2022-09-01,1103,46565,683583
251,28,5929,24915,57464,20178,0,0,2436.5,621,2022,9,2022-09-01,29,6,108486
252,1,750137,572948,61928,14,159949,0,2.0,46822,2022,10,2022-10-01,142,0,1544976
253,2,7,126422,125217,120329,0,253,20006.75,32641,2022,10,2022-10-01,74,4746,372228
254,3,16631,372818,98523,19422,8,50567,1180.5,29919,2022,10,2022-10-01,3146,8657,557969
255,4,46839,188955,61969,0,0,0,0.0,0,2022,10,2022-10-01,61,0,297763
256,5,2434489,27828,6350700,5097325,5633242,1237120,424520.0,294705,2022,10,2022-10-01,41414,61978,20780704
257,6,124336,204653,171449,122736,144924,67861,17710.25,68395,2022,10,2022-10-01,2278,1757,835959
258,7,162312,28457,1089153,26861,1273,1073333,7159.0,818857,2022,10,2022-10-01,54657,109379,2381389
259,8,1081988,398438,3879036,2925871,1751477,972917,273587.0,464069,2022,10,2022-10-01,35124,92984,11009727
260,9,1933887,302893,744999,557355,9469,97460,43041.5,28255,2022,10,2022-10-01,3797,26619,3646063
261,10,2171461,701853,68488,45485,11,0,3254.25,26410,2022,10,2022-10-01,217,0,2987298
262,11,989077,527458,88968,80156,689,14462,5153.0,0,2022,10,2022-10-01,142,2,1700810
263,12,93536,0,47330,5978,0,46875,481.0,131559,2022,10,2022-10-01,3612,30344,193719
264,13,379158,416694,94445,58933,26943,1482,5016.0,2331,2022,10,2022-10-01,101,410,977655
265,14,150388,1539276,113410,52020,630507,0,3666.0,9390,2022,10,2022-10-01,129,0,2485601
266,15,1958125,749896,104008,51229,226436,45853,7114.75,6558,2022,10,2022-10-01,2676,4786,3135547
267,16,631559,18936,1416091,1001301,876354,406664,93038.0,219481,2022,10,2022-10-01,30273,85030,4350905
268,17,8587,114371,57874,18669,6350,42891,2312.5,84930,2022,10,2022-10-01,2437,12147,248742
269,18,0,118642,78354,57833,0,0,5124.75,0,2022,10,2022-10-01,27,1,254829
270,19,4526,0,35816,3328,0,35816,470.0,33297,2022,10,2022-10-01,2479,8226,79486
271,20,99723,42391,13508,0,9112,1952,0.0,4759,2022,10,2022-10-01,180,1322,166686
272,21,0,61879,208806,0,0,57856,0.0,533,2022,10,2022-10-01,401,23323,328541
273,22,331017,41907,628672,317949,56473,330874,44363.0,486556,2022,10,2022-10-01,25613,149173,1706892
274,23,12009,405020,246044,31458,7348,219737,2702.0,30261,2022,10,2022-10-01,5579,44652,921616
275,24,25306,159119,130680,89462,0,14723,12243.75,1587,2022,10,2022-10-01,875,454,419290
276,25,662337,1194351,148762,39047,326569,44339,4365.25,22884,2022,10,2022-10-01,1148,13149,2415405
277,26,527454,257972,5573809,4327025,2356762,1110913,393958.0,149207,2022,10,2022-10-01,40500,76288,14153935
278,27,7369,29330,395915,237100,27118,108693,19347.0,29945,2022,10,2022-10-01,1153,56187,805525
279,28,47338,42231,68041,25275,302,0,2865.75,1072,2022,10,2022-10-01,33,5,183187
280,1,658216,697064,45428,0,415776,0,0.0,14109,2022,11,2022-11-01,95,0,1816484
281,2,11406,157298,111654,98959,8,143,15641.75,23584,2022,11,2022-11-01,71,2851,379468
282,3,7105,206129,99006,21639,0,63022,1211.0,26961,2022,11,2022-11-01,3487,7150,396901
283,4,33974,189307,81732,0,0,169,0.0,0,2022,11,2022-11-01,55,0,305182
284,5,1784604,7555,5731923,4481969,4989964,1244205,384722.0,248891,2022,11,2022-11-01,42815,50251,18240220
285,6,42234,249660,162250,118422,64497,61685,16541.5,55502,2022,11,2022-11-01,2099,1953,698748
286,7,98646,25606,1009718,25403,788,1005838,7012.0,342674,2022,11,2022-11-01,50320,74809,2165999
287,8,1429878,417454,3370939,2441873,1845013,962450,229580.5,247702,2022,11,2022-11-01,34031,85683,10467607
288,9,1496971,344719,606037,383409,5062,81357,36028.25,5300,2022,11,2022-11-01,3260,9663,2917555
289,10,2456837,865540,48999,38738,0,0,3016.5,26436,2022,11,2022-11-01,190,5,3410114
290,11,717437,598350,97932,92095,228,12982,5607.0,0,2022,11,2022-11-01,118,2,1519024
291,12,26205,1400,45280,5681,0,44890,462.0,114869,2022,11,2022-11-01,3697,26283,123456
292,13,625545,499573,96231,53385,53063,2627,5700.0,79,2022,11,2022-11-01,107,410,1330424
293,14,21894,922348,88142,48035,273105,0,3830.0,0,2022,11,2022-11-01,79,0,1353524
294,15,2183046,571093,104699,46199,135016,57003,6559.5,5257,2022,11,2022-11-01,3082,4614,3097056
295,16,502135,42825,1426981,1005370,869702,425990,92779.0,315380,2022,11,2022-11-01,31881,68390,4273003
296,17,13068,52229,62185,23441,39,41291,1789.5,86431,2022,11,2022-11-01,2645,8083,192253
297,18,0,156047,56613,40031,22,0,3465.25,0,2022,11,2022-11-01,24,0,252713
298,19,4651,0,39392,3439,0,39392,511.0,27531,2022,11,2022-11-01,2866,6882,86874
299,20,82085,74268,13893,0,3001,2030,0.0,2830,2022,11,2022-11-01,172,938,175277
300,21,0,82595,176987,0,0,44661,0.0,0,2022,11,2022-11-01,298,17837,304243
301,22,331689,9905,658076,307181,46482,367311,39071.0,590799,2022,11,2022-11-01,28238,135008,1720644
302,23,10199,316501,208975,26767,3859,185655,2231.0,9734,2022,11,2022-11-01,4663,41596,751956
303,24,32331,157536,136242,92855,0,15359,13117.75,1273,2022,11,2022-11-01,841,335,434323
304,25,1262779,736293,141824,32954,196639,44291,3954.0,93,2022,11,2022-11-01,876,19136,2414780
305,26,504819,193122,4758094,3569446,1765268,1049417,332787.0,101990,2022,11,2022-11-01,38842,64064,11840166
306,27,4987,18591,371823,226006,24868,79148,22269.0,21463,2022,11,2022-11-01,856,39223,725423
307,28,5953,25494,63981,21459,0,7061,2617.75,0,2022,11,2022-11-01,28,2,123948
308,1,802841,726454,27810,0,470045,0,0.0,10397,2022,12,2022-12-01,97,0,2027150
309,2,0,140621,129941,101752,1076,5741,15214.0,14007,2022,12,2022-12-01,256,3418,379131
310,3,7824,384542,124091,19195,0,73937,1075.0,37988,2022,12,2022-12-01,3591,11153,609589
311,4,74694,193046,65231,0,0,0,0.0,0,2022,12,2022-12-01,58,0,332971
312,5,2216780,88569,5610460,4461674,5131866,1142932,372741.0,321572,2022,12,2022-12-01,39561,68686,18652281
313,6,136745,166995,169578,120520,147950,68794,16659.5,26140,2022,12,2022-12-01,2241,1778,810582
314,7,114581,35122,944945,21865,1313,932316,6321.0,344333,2022,12,2022-12-01,46269,73324,2050142
315,8,1738260,460189,3697756,2837101,2061474,847934,280190.25,198977,2022,12,2022-12-01,29034,112625,11642714
316,9,2125365,317634,640513,392512,7688,78084,38083.25,3790,2022,12,2022-12-01,3351,3820,3561796
317,10,2172412,688423,77806,34074,21,0,3362.75,5374,2022,12,2022-12-01,166,1,2972736
318,11,945407,397210,115564,108687,9633,17555,7474.0,0,2022,12,2022-12-01,121,4,1594056
319,12,78664,0,39951,5117,0,39446,410.0,151144,2022,12,2022-12-01,3277,36151,163178
320,13,280938,489178,71906,28716,91400,1507,2890.5,0,2022,12,2022-12-01,99,10,963645
321,14,51343,1821197,153132,55917,768425,0,3868.0,867,2022,12,2022-12-01,112,0,2850014
322,15,2221720,570079,119867,49915,220801,58635,6798.75,4685,2022,12,2022-12-01,3086,10599,3241017
323,16,608249,20477,1624529,1200467,1037584,402618,102015.0,363542,2022,12,2022-12-01,30152,90452,4893924
324,17,7680,128236,60555,20093,127,39705,1839.0,46429,2022,12,2022-12-01,2288,11326,256396
325,18,0,59049,71264,39693,29,0,3399.0,0,2022,12,2022-12-01,29,0,170035
326,19,6507,4135,36601,3516,0,36601,491.0,46326,2022,12,2022-12-01,2504,10377,87360
327,20,132905,19130,12685,88,0,11710,12.0,5004,2022,12,2022-12-01,464,1347,176518
328,21,0,102478,187956,0,917,41116,0.0,0,2022,12,2022-12-01,316,17053,332467
329,22,388302,41013,676094,355450,90339,334399,43867.0,601697,2022,12,2022-12-01,25822,147560,1885597
330,23,25106,300078,211553,26178,10551,193161,2137.0,7841,2022,12,2022-12-01,3976,70736,766627
331,24,51969,182749,127179,86066,0,14138,12514.5,696,2022,12,2022-12-01,806,291,462101
332,25,1543352,796007,128277,34074,279930,19018,4666.0,148,2022,12,2022-12-01,181,13915,2800658
333,26,449252,105512,5042300,3979226,2129238,912796,351427.0,58879,2022,12,2022-12-01,32334,75152,12618324
334,27,0,17530,340798,206317,13215,97691,18914.0,4932,2022,12,2022-12-01,1039,50271,675551
335,28,8804,38928,48614,20839,0,0,2239.75,0,2022,12,2022-12-01,26,69,117185
336,1,676655,521447,40997,66,268394,0,6.0,6584,2023,1,2023-01-01,85,0,1507559
337,2,5453,191759,96204,89345,1100,4830,14253.75,20175,2023,1,2023-01-01,248,2595,388691
338,3,4538,299084,74717,11672,2,49520,1293.5,35434,2023,1,2023-01-01,2606,9877,439533
339,4,55417,266336,91717,0,0,0,0.0,0,2023,1,2023-01-01,64,0,413470
340,5,2380167,31659,5747403,4544493,5066784,1198464,377596.0,315529,2023,1,2023-01-01,42445,66926,18968970
341,6,163563,137032,166825,115728,180514,68949,15875.25,33613,2023,1,2023-01-01,2194,2392,832611
342,7,71491,43279,884058,21952,634,875930,6126.0,286458,2023,1,2023-01-01,43635,58976,1897344
343,8,999877,414210,3571011,2789630,1766382,796862,270814.0,163275,2023,1,2023-01-01,29081,69488,10337972
344,9,1503473,334672,595059,407988,1140,73514,40514.0,2776,2023,1,2023-01-01,3117,2618,2915846
345,10,2335996,870622,81870,42249,303201,0,3059.75,7108,2023,1,2023-01-01,159,11,3633938
346,11,672781,637990,85980,81295,884,12408,5675.0,0,2023,1,2023-01-01,119,83,1491338
347,12,51759,1400,39348,5644,0,38958,476.5,137769,2023,1,2023-01-01,3143,32735,137109
348,13,458282,249197,121828,54410,19808,1008,5621.0,749,2023,1,2023-01-01,80,22,904533
349,14,92447,1378370,109165,60316,688404,0,4843.0,0,2023,1,2023-01-01,90,0,2328702
350,15,2131411,556185,99250,41907,136555,49752,5795.25,4375,2023,1,2023-01-01,2636,3373,3015060
351,16,642064,31252,1315435,932351,907028,393153,85535.0,313269,2023,1,2023-01-01,28445,69442,4221283
352,17,2010,160617,45992,17557,2010,32280,1714.0,37901,2023,1,2023-01-01,2136,5836,260466
353,18,0,116767,100301,45507,408,0,4228.75,0,2023,1,2023-01-01,37,5,262983
354,19,3749,1499,32114,3353,0,32114,459.0,36897,2023,1,2023-01-01,2208,8296,72829
355,20,85635,26234,44747,202,3062,32687,30.0,5261,2023,1,2023-01-01,1112,2245,192567
356,21,0,60947,185119,0,0,43741,0.0,0,2023,1,2023-01-01,274,18248,289807
357,22,345086,29549,618428,298797,55859,333371,40208.0,554520,2023,1,2023-01-01,25685,125505,1681090
358,23,13725,336932,194965,26379,5689,172864,1987.5,8014,2023,1,2023-01-01,3967,37162,750554
359,24,32286,158632,111476,79337,0,14801,10884.5,0,2023,1,2023-01-01,743,258,396532
360,25,1526568,1063474,126689,28004,166923,33461,3215.0,0,2023,1,2023-01-01,196,23693,2945119
361,26,513026,189304,5177738,4023882,2225165,1002693,363015.0,51663,2023,1,2023-01-01,35143,62116,13131808
362,27,2993,30628,310163,186430,23257,94579,18873.0,6442,2023,1,2023-01-01,1085,46861,648050
363,28,15946,35816,52710,19788,86,0,2326.0,0,2023,1,2023-01-01,28,10,124346
364,1,895370,546233,57323,0,315786,0,0.0,0,2023,2,2023-02-01,96,0,1814712
365,2,0,135408,96726,89628,0,51,13856.75,18333,2023,2,2023-02-01,57,2080,321813
366,3,3689,313763,97314,9285,13,56033,1335.0,22979,2023,2,2023-02-01,3068,7023,480097
367,4,72394,223174,83122,0,0,0,0.0,0,2023,2,2023-02-01,58,0,378690
368,5,1898017,35205,5293605,4055921,4717294,1227186,341186.0,237169,2023,2,2023-02-01,42097,49645,17227228
369,6,148050,162994,155381,108757,156309,63839,14367.75,20845,2023,2,2023-02-01,2020,3223,795330
370,7,81764,41212,993895,23743,918,987844,6568.0,266579,2023,2,2023-02-01,48922,50242,2129376
371,8,1072742,369020,3354054,2522049,1434017,856022,243685.0,136253,2023,2,2023-02-01,29912,89431,9607904
372,9,1505199,278019,632124,444749,4190,76505,43415.25,2208,2023,2,2023-02-01,3262,3890,2940786
373,10,2109933,557476,68510,47032,11,0,3292.75,5382,2023,2,2023-02-01,146,0,2782962
374,11,732854,406445,88478,82007,1405,12932,5833.0,0,2023,2,2023-02-01,104,96,1324121
375,12,49966,1000,40670,4791,0,40410,414.0,101377,2023,2,2023-02-01,3104,22866,136837
376,13,477001,296746,112087,39908,23307,1813,2964.5,0,2023,2,2023-02-01,104,0,950862
377,14,94982,1402222,112971,55032,566478,0,3640.0,0,2023,2,2023-02-01,93,1,2231685
378,15,2211222,414719,90431,40789,174262,51550,5940.25,3892,2023,2,2023-02-01,2728,3270,2982973
379,16,561677,22533,1290617,937798,831393,344383,84350.0,310922,2023,2,2023-02-01,25553,63230,3988401
380,17,12900,71662,61834,23266,3709,38307,3155.25,30304,2023,2,2023-02-01,2264,7322,211678
381,18,0,51001,79963,37553,0,0,3411.5,0,2023,2,2023-02-01,27,3,168517
382,19,5796,0,35366,3677,0,35366,478.0,24199,2023,2,2023-02-01,2426,5215,80205
383,20,138237,23885,40456,609,24084,37064,114.0,2358,2023,2,2023-02-01,1469,509,264335
384,21,0,65312,195438,0,4284,55951,0.0,1,2023,2,2023-02-01,387,22488,320985
385,22,339305,10829,678477,385133,131645,304755,48982.0,590459,2023,2,2023-02-01,23602,131805,1850144
386,23,28078,258750,232718,30202,4180,194138,2534.25,7264,2023,2,2023-02-01,4717,50622,748066
387,24,35006,148593,129483,80729,0,14371,11552.0,860,2023,2,2023-02-01,776,312,408182
388,25,1781067,1049845,150302,29852,321422,24859,4025.75,12,2023,2,2023-02-01,357,14764,3357347
389,26,324101,115459,5249921,4026188,2219522,1090398,358916.0,45080,2023,2,2023-02-01,36919,61542,13025589
390,27,5744,27030,319392,179660,13928,94966,15660.0,0,2023,2,2023-02-01,1097,45072,640720
391,28,35868,29220,64366,23144,158,0,2579.5,0,2023,2,2023-02-01,30,7,152756
392,1,591403,544458,80350,0,318609,0,0.0,10565,2023,3,2023-03-01,90,0,1534820
393,2,6504,276103,107639,96319,0,4804,14534.0,13212,2023,3,2023-03-01,274,1782,491369
394,3,0,368991,103864,15162,0,73554,1058.5,26930,2023,3,2023-03-01,3987,8497,561571
395,4,56189,244437,128771,0,0,0,0.0,0,2023,3,2023-03-01,70,0,429397
396,5,2321077,123376,6273324,4854027,5318723,1413888,400314.0,312991,2023,3,2023-03-01,49079,62105,20304415
397,6,140155,148365,189757,130404,150417,76923,17027.0,24850,2023,3,2023-03-01,2467,2560,836021
398,7,68656,23303,1271413,30084,1122,1264556,8332.0,383287,2023,3,2023-03-01,63524,78373,2659134
399,8,1166042,500734,3794743,2744971,1622089,1089060,259313.25,217051,2023,3,2023-03-01,39423,100329,10917639
400,9,1801755,378813,694522,426316,2212,81483,39909.0,3883,2023,3,2023-03-01,3384,9268,3385101
401,10,2611390,746119,117044,50454,77539,0,3377.25,4401,2023,3,2023-03-01,181,0,3602546
402,11,751441,656447,113933,100561,255,11239,6220.0,0,2023,3,2023-03-01,125,62,1633876
403,12,53938,0,50002,6430,0,49352,540.0,147013,2023,3,2023-03-01,3786,31315,159722
404,13,309451,330196,98565,43659,121342,745,3360.5,0,2023,3,2023-03-01,92,38,903958
405,14,95963,1536601,121932,54160,545969,0,3909.0,985,2023,3,2023-03-01,121,0,2354625
406,15,1243543,365072,111494,50618,120480,58117,6727.5,4616,2023,3,2023-03-01,3049,3604,1949324
407,16,823575,55844,1626453,1198891,1240434,426039,115966.0,334594,2023,3,2023-03-01,31505,103835,5371236
408,17,6000,108583,85489,23545,3846,62576,3312.25,48987,2023,3,2023-03-01,3531,12085,290039
409,18,0,53295,80222,37196,0,0,3278.75,0,2023,3,2023-03-01,36,11,170713
410,19,4509,0,42975,4013,0,42975,577.0,32700,2023,3,2023-03-01,2890,6768,94472
411,20,110008,29612,65165,878,12716,60955,156.0,3538,2023,3,2023-03-01,2365,811,279334
412,21,0,104616,254603,0,1029,58310,0.0,1,2023,3,2023-03-01,430,24345,418558
413,22,282523,42165,740762,363182,61860,397181,46194.0,604651,2023,3,2023-03-01,30424,137752,1887673
414,23,21717,369009,237938,31510,11045,218365,2798.25,11714,2023,3,2023-03-01,4804,58909,889584
415,24,32950,141744,146661,97995,0,15725,13746.75,2447,2023,3,2023-03-01,798,406,435075
416,25,1739101,902997,182974,45434,167990,36095,5784.5,0,2023,3,2023-03-01,209,24585,3074591
417,26,695112,259112,5752881,4418040,2366648,1169098,393989.0,58374,2023,3,2023-03-01,43044,72214,14660891
418,27,2976,23977,341795,206930,16159,103694,17799.0,7160,2023,3,2023-03-01,1115,51614,695531
419,28,6998,37609,72301,20479,0,0,2403.0,0,2023,3,2023-03-01,27,2,137387
420,1,548746,482784,56369,43,172519,0,3.0,27030,2023,4,2023-04-01,117,0,1260461
421,2,1,115313,95671,92491,3908,228,13645.25,23635,2023,4,2023-04-01,65,3237,307612
422,3,0,370541,78309,16167,28,48102,1896.0,26333,2023,4,2023-04-01,2693,8895,513147
423,4,45014,227675,71541,9,0,0,0.0,0,2023,4,2023-04-01,62,0,344239
424,5,2359748,36596,6183310,4951822,5660162,1221567,409848.0,327554,2023,4,2023-04-01,42884,65924,20413205
425,6,50715,139223,161301,113089,74211,62151,14077.5,65643,2023,4,2023-04-01,2111,2433,600690
426,7,93106,31421,1195478,27975,997,1182038,7800.0,722105,2023,4,2023-04-01,59811,122053,2531015
427,8,1368012,352117,3616568,2675071,1735138,966089,252903.0,400621,2023,4,2023-04-01,35018,103336,10712995
428,9,1697306,300970,774441,457699,9574,94966,42999.75,18704,2023,4,2023-04-01,3837,19788,3334956
429,10,2781828,623826,69921,47831,84,0,4076.5,17948,2023,4,2023-04-01,223,24,3523490
430,11,1068669,515772,119760,114425,1898,25047,9313.0,0,2023,4,2023-04-01,123,204,1845571
431,12,91102,1426,38098,4962,0,37837,402.0,148305,2023,4,2023-04-01,2945,34068,173425
432,13,447029,242034,115599,44732,70301,2088,3214.5,1533,2023,4,2023-04-01,97,66,921783
433,14,94652,2023648,168477,55035,987322,0,4450.0,2205,2023,4,2023-04-01,118,3,3329134
434,15,1799285,373846,110180,44552,129182,60657,6476.5,5511,2023,4,2023-04-01,3049,4779,2517702
435,16,628616,18454,1444956,1069177,1005142,372181,96418.0,304636,2023,4,2023-04-01,26945,123907,4538526
436,17,13937,140446,79133,32144,9086,52077,6160.75,62565,2023,4,2023-04-01,3179,8678,326823
437,18,0,75393,106228,36914,92,0,3164.75,0,2023,4,2023-04-01,48,3,218627
438,19,6318,1492,34252,3697,0,34252,505.0,28726,2023,4,2023-04-01,2263,6882,80011
439,20,108471,104321,48896,325,3058,46000,58.0,10384,2023,4,2023-04-01,1778,1480,311071
440,21,0,63794,209655,0,36,46039,0.0,562,2023,4,2023-04-01,291,20667,319524
441,22,338347,40309,618622,298440,45180,333173,39303.0,610686,2023,4,2023-04-01,25189,167478,1674071
442,23,18376,271879,266953,40363,3519,201480,3950.5,19753,2023,4,2023-04-01,5113,39907,802570
443,24,38685,129484,126591,75961,0,13251,10485.25,4105,2023,4,2023-04-01,729,633,383972
444,25,1703427,811294,135090,27666,112971,24684,3443.0,2708,2023,4,2023-04-01,205,18122,2815132
445,26,384057,113181,5844924,4648894,2713698,1038283,401270.0,114147,2023,4,2023-04-01,38695,68296,14743037
446,27,0,28945,383295,240469,39004,106952,19796.0,20740,2023,4,2023-04-01,973,56851,798665
447,28,22361,72899,62424,21351,0,0,2502.25,783,2023,4,2023-04-01,36,4,179035
448,1,513336,525673,57016,0,168728,0,0.0,40941,2023,5,2023-05-01,119,0,1264753
449,2,4012,128304,96773,88036,3912,242,14199.5,28730,2023,5,2023-05-01,76,2814,321279
450,3,0,256630,137426,17740,0,82356,1114.0,30908,2023,5,2023-05-01,4205,9983,494152
451,4,53259,279561,89738,0,0,0,0.0,0,2023,5,2023-05-01,77,0,422558
452,5,2001487,45574,6280361,4890511,5342726,1380785,405417.0,313584,2023,5,2023-05-01,49309,60989,19941444
453,6,26516,223792,196731,139754,71822,68926,18907.5,62165,2023,5,2023-05-01,2317,3570,727541
454,7,204976,47427,1396260,35455,1444,1384296,9188.0,936585,2023,5,2023-05-01,71858,114730,3069858
455,8,1184355,481826,4167091,3072908,2029746,1109217,301353.0,551681,2023,5,2023-05-01,41416,102810,12045143
456,9,1738297,376555,790460,490435,7324,90196,47546.75,34805,2023,5,2023-05-01,3833,26655,3493267
457,10,1961235,484774,77701,56430,55730,0,3812.0,19050,2023,5,2023-05-01,191,0,2635870
458,11,785023,663026,108813,106356,1941,16705,7431.0,0,2023,5,2023-05-01,121,43,1681864
459,12,5149,500,49246,6108,0,48791,516.0,136212,2023,5,2023-05-01,3781,31635,109794
460,13,264099,294206,84878,27822,63280,938,2093.75,865,2023,5,2023-05-01,92,0,735223
461,14,7816,1472164,121246,73267,750447,0,5144.0,4130,2023,5,2023-05-01,107,0,2424940
462,15,2318535,353941,103620,42969,266201,50645,6019.25,5247,2023,5,2023-05-01,2770,5078,3135911
463,16,605260,36644,1563260,1158175,1086896,391521,98966.0,142548,2023,5,2023-05-01,28551,80301,4841756
464,17,5706,81612,86719,27838,1060,60227,2906.25,82844,2023,5,2023-05-01,3580,8936,263162
465,18,0,37180,103517,54874,491,0,4606.0,0,2023,5,2023-05-01,46,0,196062
466,19,4667,5013,40110,4477,0,40110,615.0,26886,2023,5,2023-05-01,2884,6153,94377
467,20,104830,93708,56042,365,3050,52533,60.0,9853,2023,5,2023-05-01,2054,1560,310528
468,21,0,119979,235774,0,2454,71434,0.0,249,2023,5,2023-05-01,496,29574,429641
469,22,260770,16148,652128,306559,41517,363825,40850.0,433899,2023,5,2023-05-01,27746,149962,1640947
470,23,24971,338610,266635,48767,4571,220460,4714.5,26942,2023,5,2023-05-01,5625,60334,904014
471,24,61179,152907,137948,86797,0,15192,12265.5,2428,2023,5,2023-05-01,845,707,454023
472,25,1668950,615372,164211,28598,96492,35585,3466.25,17062,2023,5,2023-05-01,213,24453,2609208
473,26,410805,256861,6569611,5116458,2948795,1262429,453138.0,157163,2023,5,2023-05-01,47215,64460,16564959
474,27,6000,36533,416326,242622,23241,125660,19483.0,17751,2023,5,2023-05-01,1299,62234,850382
475,28,41647,23008,53774,17482,0,0,2131.5,52,2023,5,2023-05-01,33,1,135911
476,1,390658,334290,32487,0,21374,0,0.0,39963,2023,6,2023-06-01,90,0,778809
477,2,5017,163911,102693,79781,4363,567,12290.0,17380,2023,6,2023-06-01,82,3171,356332
478,3,0,401840,118834,16218,0,80623,1075.0,62496,2023,6,2023-06-01,4093,16116,617515
479,4,75208,229811,104200,0,0,0,0.0,0,2023,6,2023-06-01,69,0,409219
480,5,2097054,26186,5874249,4700541,5377750,1174509,399380.0,418043,2023,6,2023-06-01,42953,86230,19250289
481,6,103695,269247,185019,128144,150137,71412,17200.25,38418,2023,6,2023-06-01,2331,3364,907654
482,7,139613,35367,1375629,35653,2378,1346191,9263.0,1177109,2023,6,2023-06-01,70641,126578,2934831
483,8,884497,580465,3811604,2772243,1495934,1086129,281136.5,551006,2023,6,2023-06-01,40493,119670,10630872
484,9,1885238,382506,753552,465503,5021,91494,42177.5,33532,2023,6,2023-06-01,3955,16312,3583314
485,10,2082360,701833,74398,58048,496,0,4246.0,15520,2023,6,2023-06-01,201,0,2917135
486,11,712627,620519,111544,103025,920,12764,7591.75,0,2023,6,2023-06-01,122,64,1561399
487,12,57457,0,45154,5911,0,44959,492.0,171480,2023,6,2023-06-01,3457,39807,153481
488,13,362760,434602,87301,25502,107297,2390,2063.75,0,2023,6,2023-06-01,93,0,1019852
489,14,74648,1524721,137276,71946,725481,0,5234.0,4312,2023,6,2023-06-01,104,3,2534072
490,15,1722424,607621,136799,54426,202136,49667,7558.25,6184,2023,6,2023-06-01,2893,5120,2773073
491,16,458939,41430,1636140,1228354,1011921,401368,102839.0,158436,2023,6,2023-06-01,29386,90677,4778152
492,17,1500,88206,98279,36447,4853,62176,5949.0,50287,2023,6,2023-06-01,3592,10896,291461
493,18,0,128260,89046,43369,27,0,4007.5,0,2023,6,2023-06-01,34,11,260702
494,19,4263,0,37310,4355,0,37310,602.5,51019,2023,6,2023-06-01,2502,11723,83238
495,20,109136,122823,57614,266,3058,51544,42.0,13831,2023,6,2023-06-01,2027,3273,344441
496,21,0,113579,213533,0,0,62559,0.0,1,2023,6,2023-06-01,395,26537,389671
497,22,284461,61150,672114,310510,43816,373615,39348.0,450046,2023,6,2023-06-01,27625,150868,1745666
498,23,21697,297935,261934,46844,2800,207941,4706.25,28621,2023,6,2023-06-01,5607,48748,839151
499,24,15692,148856,145755,89438,0,15698,12421.5,1590,2023,6,2023-06-01,888,559,415439
500,25,1582849,888203,174860,30114,82718,29614,3885.0,13323,2023,6,2023-06-01,213,20799,2788358
501,26,330355,160713,5930842,4550349,2515947,1195956,402340.0,184014,2023,6,2023-06-01,44677,75741,14684162
502,27,0,27878,405506,231684,29207,118445,19325.0,24636,2023,6,2023-06-01,1165,60947,812720
503,28,16719,101000,46057,17406,0,0,2143.5,344,2023,6,2023-06-01,37,4,181182
504,1,676443,365304,43383,0,127423,0,0.0,26281,2023,7,2023-07-01,95,0,1212553
505,2,4025,163213,140825,106138,0,229,16505.75,55051,2023,7,2023-07-01,106,6760,414430
506,3,0,380247,107401,16473,0,71019,1079.0,207260,2023,7,2023-07-01,3843,48952,575140
507,4,38315,232068,89509,0,33000,0,0.0,0,2023,7,2023-07-01,68,0,392892
508,5,2202096,10020,5812016,4859784,5206927,950267,406823.0,950463,2023,7,2023-07-01,35498,213565,19041110
509,6,160208,103662,170607,117849,168021,66683,15407.25,66777,2023,7,2023-07-01,2296,3572,787030
510,7,211437,35243,1390579,35531,1177,1367581,9364.0,1479234,2023,7,2023-07-01,70950,179035,3041548
511,8,967000,317301,4009390,2939789,1739858,1119585,284595.75,742260,2023,7,2023-07-01,41215,154296,11092923
512,9,1888596,378039,797901,492119,338,100820,45195.25,26835,2023,7,2023-07-01,4405,22373,3657813
513,10,2155391,683602,92315,70012,237153,0,5301.0,13545,2023,7,2023-07-01,189,0,3238473
514,11,730904,526821,89920,82333,307,0,5729.25,0,2023,7,2023-07-01,110,8,1430285
515,12,62802,1100,45572,5637,0,45282,468.0,244097,2023,7,2023-07-01,3561,57756,160393
516,13,219413,302831,64008,16148,47054,1577,1303.0,947,2023,7,2023-07-01,73,0,651031
517,14,177988,1501060,125857,67721,571330,1856,5900.0,1056,2023,7,2023-07-01,98,0,2445812
518,15,2139612,352658,126174,55537,197393,51873,7885.0,8263,2023,7,2023-07-01,3070,5849,2923247
519,16,517032,19157,1707489,1294988,1148578,415338,104938.0,210718,2023,7,2023-07-01,29520,106269,5102582
520,17,14331,101496,82792,26565,546,53953,2442.0,102609,2023,7,2023-07-01,3311,16012,279683
521,18,0,44786,73318,46736,109,0,4145.5,0,2023,7,2023-07-01,30,22,164949
522,19,7847,2447,35445,4340,0,35445,574.0,133475,2023,7,2023-07-01,2430,30378,85524
523,20,99628,41762,42612,252,0,36208,44.0,59789,2023,7,2023-07-01,1453,12737,220462
524,21,0,33044,184301,0,546,55664,0.0,1,2023,7,2023-07-01,271,26359,273555
525,22,368478,2965,744627,344394,81688,366081,44509.0,569674,2023,7,2023-07-01,28071,195592,1908233
526,23,6053,314569,265012,48777,5013,214312,5234.75,31963,2023,7,2023-07-01,5106,45751,853736
527,24,39271,155935,113391,84536,0,15432,11471.5,811,2023,7,2023-07-01,943,970,408565
528,25,1722185,932033,155942,18052,79944,23248,2567.25,15956,2023,7,2023-07-01,206,15913,2931404
529,26,343796,218710,5808473,4439870,2345076,1215998,426515.0,194162,2023,7,2023-07-01,45175,87659,14371923
530,27,4750,23371,366923,234865,23206,112867,19856.0,12531,2023,7,2023-07-01,1155,58799,765982
531,28,39548,19426,55197,19517,0,0,2286.0,95,2023,7,2023-07-01,38,89,133688
532,1,577978,439230,38729,0,67746,0,0.0,49921,2023,8,2023-08-01,108,0,1123683
533,2,3006,90492,110690,85160,1875,409,13911.25,69939,2023,8,2023-08-01,103,9086,291632
534,3,7000,360844,104216,24354,0,51875,1635.0,236152,2023,8,2023-08-01,3184,56098,548289
535,4,79563,238096,119102,0,0,0,0.0,0,2023,8,2023-08-01,73,0,436761
536,5,2345110,22314,5681524,4968804,5557771,707738,424698.0,1203008,2023,8,2023-08-01,27998,271424,19283261
537,6,221039,242771,162047,118515,228488,58497,15946.0,75898,2023,8,2023-08-01,2091,2257,1031357
538,7,168393,18955,1291798,30861,875,1259625,8412.0,1741450,2023,8,2023-08-01,64866,216607,2770507
539,8,849104,348778,3585895,2704096,1608146,909924,285429.25,801169,2023,8,2023-08-01,34213,164861,10005943
540,9,1571157,318263,629116,374787,1238,75409,36028.25,53157,2023,8,2023-08-01,3303,14145,2969970
541,10,2795104,880092,112181,75387,114343,0,6309.0,12687,2023,8,2023-08-01,232,0,3977107
542,11,924432,468708,96002,88112,2984,19738,7031.0,0,2023,8,2023-08-01,99,212,1599976
543,12,57813,750,41444,4831,0,41314,373.0,259380,2023,8,2023-08-01,3487,59116,146152
544,13,154117,360831,55413,12369,281,2034,1049.0,417,2023,8,2023-08-01,71,0,585045
545,14,104689,1056638,132160,89970,231519,0,7186.0,4822,2023,8,2023-08-01,103,1,1614976
546,15,1744416,495733,152404,56619,250112,52108,7711.0,8573,2023,8,2023-08-01,3054,10704,2751392
547,16,407587,37486,1705707,1277112,1055649,436279,105550.0,241935,2023,8,2023-08-01,30994,115878,4919820
548,17,22066,120038,80119,26698,4684,54597,2953.0,111572,2023,8,2023-08-01,3315,20890,308202
549,18,0,221060,86295,35505,0,0,3344.0,0,2023,8,2023-08-01,45,2,342860
550,19,4923,0,39450,3966,2990,39450,536.0,154634,2023,8,2023-08-01,2635,35392,90779
551,20,88502,38817,28352,482,3060,25773,60.0,61026,2023,8,2023-08-01,1219,14387,184986
552,21,0,120945,140951,0,1172,21639,0.0,119,2023,8,2023-08-01,191,10784,284707
553,22,658568,42059,711438,319771,58573,378486,38985.0,618212,2023,8,2023-08-01,28616,206934,2168895
554,23,2002,279201,187931,43294,6569,153515,4292.75,39457,2023,8,2023-08-01,4270,29903,672512
555,24,40224,162809,121186,84506,102,12954,11862.75,1034,2023,8,2023-08-01,812,505,421781
556,25,1725257,719903,115792,8855,6188,19450,915.0,14835,2023,8,2023-08-01,178,11765,2595445
557,26,521646,370672,5483417,4346969,2569021,975259,399744.0,229065,2023,8,2023-08-01,37381,78299,14266984
558,27,3414,25878,310662,193323,29722,70845,17063.0,25609,2023,8,2023-08-01,688,38288,633844
559,28,18765,47963,56407,20787,0,0,2739.5,0,2023,8,2023-08-01,35,7,143922
560,1,846332,485849,57911,0,91179,0,0.0,53353,2023,9,2023-09-01,130,0,1481271
561,2,4014,125706,142804,105985,0,648,17295.5,43272,2023,9,2023-09-01,231,5313,379157
562,3,0,312113,85237,22654,0,51919,1593.0,85364,2023,9,2023-09-01,3099,21503,471923
563,4,51484,213559,117831,0,0,0,0.0,0,2023,9,2023-09-01,73,0,382874
564,5,2105449,19725,5552044,4636813,5207786,905147,389365.0,501144,2023,9,2023-09-01,34192,110306,18426964
565,6,104872,251630,186443,132006,119644,70829,17368.75,81355,2023,9,2023-09-01,2504,2792,865424
566,7,159195,24076,1205817,26312,901,1171274,7347.0,1167540,2023,9,2023-09-01,59734,137884,2587575
567,8,1004775,282800,3596357,2677231,1584709,962762,267061.25,578344,2023,9,2023-09-01,35568,116271,10108634
568,9,1973440,298426,721423,424149,1399,78205,38233.75,53847,2023,9,2023-09-01,3417,24104,3497042
569,10,1650562,717159,88200,61013,90,0,4844.25,25703,2023,9,2023-09-01,194,0,2517024
570,11,639346,569083,83026,74795,819,9864,5075.25,170,2023,9,2023-09-01,112,92,1376933
571,12,48730,0,43402,4958,0,42458,404.0,157318,2023,9,2023-09-01,3459,37191,139548
572,13,115133,354416,62656,12231,73713,1595,1559.25,733,2023,9,2023-09-01,79,1,619744
573,14,134064,1020698,175054,90182,33400,0,6625.0,7938,2023,9,2023-09-01,103,0,1453398
574,15,1819640,668759,121351,68654,193958,53616,8944.25,8694,2023,9,2023-09-01,3158,5723,2925978
575,16,591416,22624,1569807,1176158,1111357,388171,106502.0,201151,2023,9,2023-09-01,28494,89257,4859533
576,17,8944,171429,82775,21757,4970,57964,2055.5,79489,2023,9,2023-09-01,3503,10854,347839
577,18,0,105152,73332,38273,477,0,3474.75,0,2023,9,2023-09-01,48,6,217234
578,19,8067,0,37727,4083,0,37727,543.0,55084,2023,9,2023-09-01,2593,12284,87604
579,20,107595,41759,30882,451,0,24642,66.0,23981,2023,9,2023-09-01,1276,4248,205329
580,21,0,78142,203883,0,43,62368,0.0,0,2023,9,2023-09-01,380,27121,344436
581,22,301016,32078,681659,331022,68991,341760,39592.0,503221,2023,9,2023-09-01,26496,166268,1756526
582,23,23816,481947,242689,58530,6462,194928,5865.5,29787,2023,9,2023-09-01,5046,41028,1008372
583,24,23782,153990,109120,83707,0,12558,10531.5,2430,2023,9,2023-09-01,747,348,383157
584,25,1665251,843462,111947,8661,58158,24895,956.0,18524,2023,9,2023-09-01,212,14706,2712374
585,26,495073,99346,5702592,4347130,2419896,1117466,385842.0,167942,2023,9,2023-09-01,41239,70947,14181503
586,27,2200,20987,332004,216537,27744,91076,17772.0,39091,2023,9,2023-09-01,1051,47860,690548
587,28,18628,43929,55589,17113,0,0,1984.5,101,2023,9,2023-09-01,37,2,135259
588,1,624978,354601,60604,65,98924,0,5.0,51916,2023,10,2023-10-01,126,0,1139172
589,2,3137,98857,116351,85837,0,948,13719.75,35432,2023,10,2023-10-01,109,3387,305130
590,3,6036,322149,111810,22401,0,60032,1657.0,33689,2023,10,2023-10-01,3514,11421,522428
591,4,51965,217583,91657,0,0,0,0.0,0,2023,10,2023-10-01,60,0,361205
592,5,2049476,39976,6028009,4913067,5439448,1104670,411342.0,321176,2023,10,2023-10-01,39050,69285,19574646
593,6,91138,153005,188383,131594,99984,71188,17480.0,100179,2023,10,2023-10-01,2602,3187,735292
594,7,148276,21838,1156727,23740,3147,1127474,6652.0,958161,2023,10,2023-10-01,56972,128560,2481202
595,8,1188532,297152,3793951,2884415,1825130,949018,272712.5,573222,2023,10,2023-10-01,35151,96675,10938198
596,9,1762117,300890,689159,456339,1861,99011,43910.75,36697,2023,10,2023-10-01,3973,33177,3309377
597,10,2382386,910807,59816,42813,49510,0,4102.0,24587,2023,10,2023-10-01,224,0,3445332
598,11,353063,448627,62528,54138,1672,0,4247.0,0,2023,10,2023-10-01,95,46,920028
599,12,52106,0,48511,4918,0,48203,394.5,128923,2023,10,2023-10-01,3895,30820,153738
600,13,282306,367685,47619,10183,71932,1828,819.5,1327,2023,10,2023-10-01,81,1,781553
601,14,186714,907562,106039,82597,87534,0,6123.0,913,2023,10,2023-10-01,90,3,1370446
602,15,1773404,434622,147215,55475,208996,56035,7436.75,6362,2023,10,2023-10-01,3230,5162,2675747
603,16,611620,20295,1407893,978192,896224,426598,102265.0,249253,2023,10,2023-10-01,30108,89572,4340822
604,17,23170,135960,86789,23605,1095,63083,3432.0,86793,2023,10,2023-10-01,3705,10358,333702
605,18,0,82437,92109,53061,16,0,4677.25,0,2023,10,2023-10-01,37,184,227623
606,19,4593,0,39936,3595,0,39936,505.0,30583,2023,10,2023-10-01,2807,7627,88060
607,20,106464,63640,37864,366,38,28523,55.5,15685,2023,10,2023-10-01,1475,2998,236895
608,21,0,138437,171346,0,1435,61523,0.0,0,2023,10,2023-10-01,283,28437,372741
609,22,341810,21589,726522,324660,56475,381273,38476.0,543824,2023,10,2023-10-01,28486,161702,1852329
610,23,26543,260924,235395,58075,15843,178918,5942.75,27472,2023,10,2023-10-01,4673,39997,775698
611,24,40200,222126,116699,84479,0,15432,12184.0,2019,2023,10,2023-10-01,890,942,478936
612,25,1893761,950047,116422,13235,84933,24287,1388.0,24338,2023,10,2023-10-01,225,16267,3082685
613,26,526487,266850,6011211,4693125,2705029,1155678,411145.0,194781,2023,10,2023-10-01,42795,73834,15358380
614,27,2957,20120,382614,215457,32044,147519,17786.0,45023,2023,10,2023-10-01,1397,63167,800711
615,28,38429,18825,52217,22785,0,0,2528.0,0,2023,10,2023-10-01,27,1,132256
616,1,941675,223249,18567,0,22002,0,0.0,13513,2023,11,2023-11-01,93,0,1205493
617,2,7564,147824,103440,89881,0,4115,14070.0,22192,2023,11,2023-11-01,197,1944,352824
618,3,0,172876,120150,22208,0,72754,1644.0,29590,2023,11,2023-11-01,3848,8912,387988
619,4,42416,202397,73466,0,0,0,0.0,0,2023,11,2023-11-01,49,0,318279
620,5,2439450,18532,6179127,4967082,5804563,1191264,416875.0,264977,2023,11,2023-11-01,42801,56464,20600018
621,6,22993,202870,184929,131749,34106,68785,17279.0,90993,2023,11,2023-11-01,2420,2276,645432
622,7,51582,34764,1106710,23164,2119,1080187,6579.0,415515,2023,11,2023-11-01,53129,85003,2298526
623,8,1204703,488795,3835106,2910637,1922033,941690,281291.25,370457,2023,11,2023-11-01,33786,93477,11302964
624,9,1674986,250099,598145,357152,6479,54760,33451.25,4306,2023,11,2023-11-01,2306,5367,2941621
625,10,2314481,934790,69607,39699,205,0,2784.0,26925,2023,11,2023-11-01,226,0,3358782
626,11,264359,473456,65097,60420,907,6191,4123.0,0,2023,11,2023-11-01,110,139,870430
627,12,64451,0,49675,4757,0,48543,428.25,115679,2023,11,2023-11-01,3891,27959,167426
628,13,188561,226557,62213,9274,192,1336,639.0,0,2023,11,2023-11-01,69,0,488133
629,14,99876,1038636,113501,81133,163076,0,5585.0,4390,2023,11,2023-11-01,84,8,1496222
630,15,1659660,514914,139459,68504,227992,55629,8062.0,4537,2023,11,2023-11-01,3018,3815,2666158
631,16,505820,22831,1470677,1040388,782159,439783,98143.0,321600,2023,11,2023-11-01,31227,72666,4261658
632,17,3999,78351,94954,26579,4644,76960,2674.0,116130,2023,11,2023-11-01,4098,15334,285487
633,18,0,44529,81197,35920,380,0,3454.75,0,2023,11,2023-11-01,39,9,162026
634,19,4746,0,40955,3612,0,40955,517.0,25239,2023,11,2023-11-01,2975,6305,90268
635,20,98791,51888,48653,196,0,38953,28.0,9103,2023,11,2023-11-01,1752,1976,238481
636,21,0,94186,191233,0,1472,56626,0.0,1,2023,11,2023-11-01,352,24902,343517
637,22,374080,57296,767765,336680,71864,416178,40887.0,599594,2023,11,2023-11-01,29793,135962,2023863
638,23,13136,322925,271794,67453,12066,205692,6630.0,11346,2023,11,2023-11-01,5130,51538,893066
639,24,42660,194990,129597,95105,0,16141,13467.0,1189,2023,11,2023-11-01,881,450,478493
640,25,1943876,814225,172084,21132,21984,27590,2437.0,7834,2023,11,2023-11-01,226,15548,3000891
641,26,509156,255595,5745412,4440746,2562851,1114380,395079.0,88491,2023,11,2023-11-01,41578,69959,14628140
642,27,2999,19366,385616,232443,33749,124237,19947.0,12090,2023,11,2023-11-01,1447,63766,798410
643,28,12515,57886,59523,21505,257,0,2890.25,0,2023,11,2023-11-01,30,52,151686
644,1,794732,360235,78431,0,42191,0,0.0,3924,2023,12,2023-12-01,75,0,1275589
645,2,3992,196105,93352,86589,662,4607,13333.5,11659,2023,12,2023-12-01,227,1689,385307
646,3,11998,344197,117370,20078,1248,81374,1393.75,45490,2023,12,2023-12-01,4038,13085,576265
647,4,36077,171400,59377,0,0,0,0.0,0,2023,12,2023-12-01,52,0,266854
648,5,2294738,38684,5351028,4298530,4764030,1036163,350541.0,376001,2023,12,2023-12-01,41240,82084,17783173
649,6,22075,192303,190702,137356,33556,72353,18931.75,44352,2023,12,2023-12-01,2358,2199,648345
650,7,84111,36382,922412,20325,833,920013,5679.0,355384,2023,12,2023-12-01,45496,82260,1984076
651,8,1025011,361708,3607547,2827043,1783553,782022,279753.5,218805,2023,12,2023-12-01,27595,94931,10386884
652,9,1642934,321453,564080,432805,29193,35119,38954.0,21,2023,12,2023-12-01,1492,3950,3025584
653,10,2472797,578719,75037,52789,876,0,4942.0,11439,2023,12,2023-12-01,185,0,3180218
654,11,514845,490681,57606,54104,1227,3674,3513.0,0,2023,12,2023-12-01,81,40,1122137
655,12,81887,1300,45070,5678,0,44382,448.0,156399,2023,12,2023-12-01,3466,37712,178317
656,13,363453,341545,82299,8735,140196,1288,707.25,0,2023,12,2023-12-01,79,0,937516
657,14,133764,1249510,123943,83683,392386,0,5844.0,0,2023,12,2023-12-01,92,4,1983286
658,15,2019325,562932,153641,67025,189369,63250,9327.25,4601,2023,12,2023-12-01,3553,4082,3055542
659,16,551273,51103,1519113,1105656,946203,409219,103824.0,393295,2023,12,2023-12-01,28567,80766,4582567
660,17,23997,93364,83326,22806,16713,60489,3838.0,45985,2023,12,2023-12-01,3121,15542,300695
661,18,0,70054,95376,33246,753,6660,2939.0,0,2023,12,2023-12-01,400,16,206089
662,19,4139,1400,36458,3356,0,36458,513.5,51626,2023,12,2023-12-01,2451,12556,81811
663,20,117529,60302,43292,170,1929,41537,24.0,10850,2023,12,2023-12-01,1762,3093,264759
664,21,0,71282,197989,0,5895,59239,0.0,0,2023,12,2023-12-01,401,27588,334405
665,22,328760,20270,672875,336072,64023,348779,39332.0,652687,2023,12,2023-12-01,25637,154594,1770779
666,23,11782,299985,280939,72893,15013,201801,8713.75,10510,2023,12,2023-12-01,4832,47031,882413
667,24,38190,180907,136358,86224,0,13582,12485.75,742,2023,12,2023-12-01,760,334,455261
668,25,1615477,570518,138303,16610,44481,30227,2049.0,0,2023,12,2023-12-01,193,18156,2415616
669,26,242576,160371,5761749,4663904,2810372,951651,413002.0,78606,2023,12,2023-12-01,33946,69427,14590623
670,27,2000,32011,347667,232726,21669,106600,23126.0,8227,2023,12,2023-12-01,1031,58571,742673
671,28,30994,84069,44142,23800,0,0,2580.0,0,2023,12,2023-12-01,28,8,183005
672,1,719906,406133,29789,0,41024,0,0.0,9704,2024,1,2024-01-01,85,0,1196852
673,2,9007,109123,86149,77281,297,6210,10654.75,8151,2024,1,2024-01-01,244,1631,288067
674,3,18511,256126,109347,15607,0,63344,1116.75,40825,2024,1,2024-01-01,2627,11684,462935
675,4,61421,234074,84260,0,0,0,0.0,0,2024,1,2024-01-01,56,0,379755
676,5,2793935,42904,5498543,4436836,5388705,1053639,372081.0,362082,2024,1,2024-01-01,42617,81462,19214562
677,6,18934,206223,173076,119797,34356,68593,16251.75,33168,2024,1,2024-01-01,2187,2326,620979
678,7,102646,22156,982074,21043,704,970723,6047.0,300476,2024,1,2024-01-01,44134,62446,2099346
679,8,766073,324206,3843295,3011767,1989352,841346,295527.75,179890,2024,1,2024-01-01,29079,72169,10776039
680,9,2134486,280264,569573,400193,4973,46098,36914.0,13,2024,1,2024-01-01,3119,2377,3435587
681,10,2137657,878956,57119,39115,74172,0,2791.0,0,2024,1,2024-01-01,163,0,3187019
682,11,607958,374630,67083,65781,103,6149,4827.25,0,2024,1,2024-01-01,101,29,1121704
683,12,72593,0,47621,6528,0,46545,487.0,134862,2024,1,2024-01-01,3170,34107,173287
684,13,177899,383943,57009,10419,132715,1135,1053.0,0,2024,1,2024-01-01,54,0,763120
685,14,169258,1021870,138830,67852,230107,0,5150.0,0,2024,1,2024-01-01,91,0,1627917
686,15,2309681,554276,123567,56391,152787,58405,7990.5,4194,2024,1,2024-01-01,2673,3357,3255107
687,16,745624,28101,1649527,1238330,1168759,420055,109432.0,342979,2024,1,2024-01-01,28542,73157,5250396
688,17,9625,211039,79113,17516,10470,62165,1815.0,35376,2024,1,2024-01-01,2173,10065,389928
689,18,0,217105,84162,33145,0,0,3236.75,0,2024,1,2024-01-01,40,16,334412
690,19,6208,0,36026,3494,0,36026,501.5,41045,2024,1,2024-01-01,2210,10347,81754
691,20,146166,63942,50673,200,0,43246,27.5,8773,2024,1,2024-01-01,1124,2547,304227
692,21,0,74223,176132,0,942,46489,0.0,0,2024,1,2024-01-01,269,19555,297786
693,22,342184,12828,739789,312889,56061,439315,37311.0,578376,2024,1,2024-01-01,25699,129973,1903066
694,23,19805,394355,270006,82890,16911,203581,9155.75,11090,2024,1,2024-01-01,3976,25456,987548
695,24,61191,196999,132652,88530,0,14923,12511.75,163,2024,1,2024-01-01,756,944,494295
696,25,1938824,996005,145092,10248,34705,37469,1068.0,0,2024,1,2024-01-01,202,27293,3162343
697,26,339077,242688,5563946,4376230,2798346,1021774,394665.0,75337,2024,1,2024-01-01,35285,66471,14342061
698,27,0,15432,327641,176810,21173,130252,17641.0,6811,2024,1,2024-01-01,1094,55801,671308
699,28,8000,24702,66422,22618,50,0,2806.5,0,2024,1,2024-01-01,31,5,121792
700,1,747204,288615,14295,0,7917,0,0.0,3714,2024,2,2024-02-01,72,0,1058031
701,2,1848,175579,92710,89152,580,907,14240.75,11828,2024,2,2024-02-01,55,4343,360776
702,3,19338,256103,116222,18881,0,65593,1055.0,27115,2024,2,2024-02-01,3704,8544,476137
703,4,29158,168150,70654,0,0,0,0.0,0,2024,2,2024-02-01,54,0,267962
704,5,2444604,23432,5828377,4746479,5304257,1091761,403255.0,290981,2024,2,2024-02-01,48850,62439,19438910
705,6,22127,144490,176729,124104,31009,65099,16321.25,12721,2024,2,2024-02-01,2210,2676,563558
706,7,79818,41626,1105893,25170,957,1095902,6709.0,292439,2024,2,2024-02-01,53798,65296,2349366
707,8,1012582,362565,4046216,3148202,2177589,941276,308120.5,132848,2024,2,2024-02-01,33989,79018,11688430
708,9,1467586,264448,558084,377957,5253,59553,33878.0,36,2024,2,2024-02-01,1144,1327,2732881
709,10,2638793,740289,60072,36486,6314,0,2814.0,0,2024,2,2024-02-01,158,4,3481954
710,11,769242,455495,83689,79476,2837,5621,5425.0,0,2024,2,2024-02-01,108,26,1396360
711,12,19340,0,47190,5765,0,46670,464.0,112354,2024,2,2024-02-01,3631,27817,118965
712,13,114330,275642,36840,8208,128602,606,707.5,964,2024,2,2024-02-01,63,0,564228
713,14,80140,873332,112274,76010,154914,0,5066.0,0,2024,2,2024-02-01,74,3,1296670
714,15,1819801,287063,135567,67695,220557,56371,9211.0,4070,2024,2,2024-02-01,2896,3874,2587054
715,16,604892,21187,1476165,1095177,1024575,391514,102572.0,328014,2024,2,2024-02-01,27936,83625,4613510
716,17,0,87694,78812,17268,11266,57797,1772.0,18502,2024,2,2024-02-01,2701,24831,252837
717,18,0,19990,87585,31941,5,0,3429.5,0,2024,2,2024-02-01,38,146,139521
718,19,6750,0,38133,3077,0,38133,454.0,30308,2024,2,2024-02-01,2654,18116,86093
719,20,97889,99620,52594,248,2012,45639,36.0,5718,2024,2,2024-02-01,2021,1818,298002
720,21,0,57750,227431,0,5958,54725,0.0,0,2024,2,2024-02-01,371,23593,345864
721,22,325359,29080,737270,356446,82499,366004,42537.0,615751,2024,2,2024-02-01,26198,141353,1896658
722,23,14463,234434,287147,86774,27341,201316,9856.75,10180,2024,2,2024-02-01,5215,35996,851475
723,24,36541,157202,126903,81793,0,15527,11226.0,0,2024,2,2024-02-01,821,365,417966
724,25,1455820,738658,72026,5933,54717,18634,544.0,0,2024,2,2024-02-01,161,11893,2345788
725,26,353051,295743,5419045,4161856,2223963,1134549,389872.0,52733,2024,2,2024-02-01,42895,48702,13588207
726,27,6006,15951,382433,192434,38329,163754,19735.0,815,2024,2,2024-02-01,2452,66274,798907
727,28,20404,18032,60754,22708,38,0,2830.25,0,2024,2,2024-02-01,29,11,121936
728,1,863302,279003,50451,0,7920,0,0.0,13679,2024,3,2024-03-01,103,0,1200676
729,2,9103,220934,110251,105093,1901,406,16216.5,9669,2024,3,2024-03-01,74,3376,447688
730,3,7131,193740,96700,17915,0,66748,1005.0,26812,2024,3,2024-03-01,3698,9024,382234
731,4,55801,140166,139425,0,0,0,0.0,0,2024,3,2024-03-01,66,0,335392
732,5,2356131,260,5890166,4828568,5229906,1071582,396089.0,316724,2024,3,2024-03-01,47974,67226,19376613
733,6,77604,110024,200326,139493,95191,71437,19319.75,21071,2024,3,2024-03-01,2371,2214,694075
734,7,126825,16916,1195038,28429,884,1183433,6801.0,432348,2024,3,2024-03-01,57967,97589,2551525
735,8,1189649,396163,4563660,3550731,2561161,1017725,348007.0,254704,2024,3,2024-03-01,37031,103348,13279089
736,9,2114003,292386,777691,456400,2239,88992,42956.5,0,2024,3,2024-03-01,2295,1719,3731711
737,10,2030458,652451,81372,59838,2460,2460,5298.0,5094,2024,3,2024-03-01,162,2002,2829039
738,11,818476,613625,94405,93199,6871,5534,6859.0,0,2024,3,2024-03-01,107,22,1632110
739,12,46962,1400,42234,5397,0,41974,433.0,141964,2024,3,2024-03-01,3337,34001,137967
740,13,192813,466005,68611,10610,66376,1080,1085.0,0,2024,3,2024-03-01,84,0,805495
741,14,99494,878531,243371,117658,164484,0,8252.0,0,2024,3,2024-03-01,91,2,1503538
742,15,1965129,399016,187957,80948,322956,63810,10381.5,5089,2024,3,2024-03-01,3493,4646,3019816
743,16,687073,29148,1663690,1281883,1124773,404988,116856.0,366574,2024,3,2024-03-01,28559,71953,5191555
744,17,19952,110579,197683,144984,145632,49307,13747.0,31044,2024,3,2024-03-01,1920,21367,668137
745,18,0,87278,89264,36334,727,0,3943.25,0,2024,3,2024-03-01,42,19,213603
746,19,4040,0,33915,2766,0,33915,426.0,35283,2024,3,2024-03-01,2316,8814,74636
747,20,94085,66015,49784,214,1607,42285,34.0,7726,2024,3,2024-03-01,1857,2686,253990
748,21,0,59123,232206,0,2140,59251,0.0,0,2024,3,2024-03-01,382,24885,352720
749,22,367270,41199,671575,313748,50444,369647,37529.0,651180,2024,3,2024-03-01,26087,160304,1813883
750,23,18070,283998,323986,101819,26494,219641,11614.25,11338,2024,3,2024-03-01,5613,36212,974008
751,24,33546,107316,162810,89794,0,13944,12656.0,2196,2024,3,2024-03-01,835,488,407410
752,25,1756877,907180,171587,12484,125482,37597,1240.0,0,2024,3,2024-03-01,193,24962,3011207
753,26,245856,225893,6503267,5158782,3090803,1180333,459979.0,83902,2024,3,2024-03-01,43348,63360,16404934
754,27,0,17468,467525,245059,60752,179268,22607.0,0,2024,3,2024-03-01,2312,50987,970072
755,28,26499,40723,61621,22502,353,0,2645.25,0,2024,3,2024-03-01,31,5,151698
756,1,1021334,439120,77264,14,98438,0,2.0,47166,2024,4,2024-04-01,135,0,1636170
757,2,2188,193671,87769,84155,1901,1604,13062.75,40447,2024,4,2024-04-01,87,3425,371288
758,3,18288,405453,129640,27257,0,80829,1690.5,28669,2024,4,2024-04-01,4333,9697,661467
759,4,74314,249775,102711,0,0,0,0.0,0,2024,4,2024-04-01,70,0,426800
760,5,2392855,2314,6202074,5127554,5657520,1085163,412658.0,346545,2024,4,2024-04-01,48280,74556,20467480
761,6,42600,152369,195263,138220,65475,69951,18096.25,64693,2024,4,2024-04-01,2447,11479,663878
762,7,111202,35730,1340891,25398,1300,1336651,7000.0,665225,2024,4,2024-04-01,66654,116126,2851172
763,8,1042996,314063,4453149,3429166,2290086,1015506,338986.25,395390,2024,4,2024-04-01,37939,92386,12544966
764,9,1896200,416388,749547,425341,18228,126292,36287.0,31118,2024,4,2024-04-01,4937,32910,3631996
765,10,2357400,647973,95921,52645,1916,0,5318.0,21955,2024,4,2024-04-01,229,4,3155855
766,11,744729,799387,83019,82071,66,0,5634.25,743,2024,4,2024-04-01,123,102,1709272
767,12,21761,26,46670,5792,0,45955,457.0,143082,2024,4,2024-04-01,3572,36383,120204
768,13,175605,301069,73011,10320,2160,1355,1116.0,2199,2024,4,2024-04-01,82,0,563520
769,14,168327,972529,165191,104967,81812,0,8254.0,4662,2024,4,2024-04-01,106,1,1492826
770,15,2241857,504866,173675,69734,227082,61892,8709.5,4580,2024,4,2024-04-01,2898,6448,3279106
771,16,657160,43494,1582956,1164137,1022904,426465,102951.0,294319,2024,4,2024-04-01,29938,72808,4897116
772,17,18072,130782,339665,307980,291235,33255,27618.25,77011,2024,4,2024-04-01,2125,8191,1120989
773,18,0,81644,119832,46139,0,0,4592.5,0,2024,4,2024-04-01,49,17,247615
774,19,3853,0,41085,3398,0,41085,472.0,36381,2024,4,2024-04-01,2979,9477,89421
775,20,97667,61928,60361,150,0,52737,26.0,17251,2024,4,2024-04-01,2214,4111,272843
776,21,0,64008,214223,0,3008,43666,0.0,854,2024,4,2024-04-01,322,16852,324905
777,22,523796,10368,790006,385069,115484,383495,53791.0,520556,2024,4,2024-04-01,28331,135096,2208218
778,23,10518,247406,304002,111468,29100,184953,12911.5,21974,2024,4,2024-04-01,4488,47625,887447
779,24,62737,159187,153247,90326,0,13927,12104.5,3155,2024,4,2024-04-01,872,417,479424
780,25,1747029,531797,167157,11144,65798,25348,1039.0,11164,2024,4,2024-04-01,204,17204,2548273
781,26,298325,171680,6471158,5005110,2901186,1244068,463499.0,130599,2024,4,2024-04-01,46347,77104,16091527
782,27,3000,27501,446454,262676,51997,127983,28621.0,12564,2024,4,2024-04-01,2165,49842,919611
783,28,48921,41318,62787,27852,1259,0,3366.25,0,2024,4,2024-04-01,33,171,182137
